<Configuration>
  <Map>data/maze_16x16.xml</Map>
  <Player Id="0">
    <AgentClass>
      <ClassName>edu.cwru.sepia.agent.AstarAgent</ClassName>
    </AgentClass>
  </Player>
  <Player Id="0">
    <AgentClass>
      <ClassName>edu.cwru.sepia.agent.visual.VisualAgent</ClassName>
      <Argument>true</Argument>
      <Argument>false</Argument>
    </AgentClass>
  </Player>
  <ModelParameters>
    <Conquest>true</Conquest>
    <Midas>false</Midas>
    <ManifestDestiny>false</ManifestDestiny>
    <TimeLimit>1000000</TimeLimit>
  </ModelParameters>
  <Runner>
    <RunnerClass>edu.cwru.sepia.experiment.ExampleRunner</RunnerClass>
    <Parameter Name="experiment.NumEpisodes" Value="10"/>
    <Parameter Name="experiment.EpisodesPerSave" Value="1"/>
    <Parameter Name="experiment.SaveAgents" Value="false"/>
    <Parameter Name="experiment.episodesperagentsave" Value="4" />
    <Parameter Name="experiment.episodesperreplaysave" Value="4" />
    <Parameter Name="experiment.save.replaydirectory" Value="saves/test1" />
    <Parameter Name="experiment.save.agentdirectory" Value="saves/test1" />
    <Parameter Name="experiment.temp.thing" Value="saves/test1" />
    <Parameter Name="environment.model.class" Value="edu.cwru.sepia.environment.model.SimpleModel" />
  </Runner>
</Configuration>