<?xml version="1.0" encoding="UTF-8" standalone="yes"?>
<state xExtent="25" yExtent="19" nextTargetID="24" nextTemplateID="66" fogOfWar="false">
    <player>
        <ID>0</ID>
        <unit>
            <ID>0</ID>
            <currentHealth>60</currentHealth>
            <xPosition>0</xPosition>
            <yPosition>2</yPosition>
            <templateID>25</templateID>
            <cargoAmount>0</cargoAmount>
            <progressAmount>0</progressAmount>
        </unit>
        <template xsi:type="UnitTemplate" xmlns:xsi="http://www.w3.org/2001/XMLSchema-instance">
            <ID>0</ID>
            <foodCost>0</foodCost>
            <goldCost>1000</goldCost>
            <woodCost>400</woodCost>
            <timeCost>1050</timeCost>
            <name>GryphonAviary</name>
            <baseHealth>500</baseHealth>
            <baseAttack>0</baseAttack>
            <piercingAttack>0</piercingAttack>
            <range>0</range>
            <armor>20</armor>
            <sightRange>1</sightRange>
            <canGather>false</canGather>
            <canBuild>false</canBuild>
            <canMove>false</canMove>
            <canAcceptGold>false</canAcceptGold>
            <canAcceptWood>false</canAcceptWood>
            <foodProvided>0</foodProvided>
            <character>85</character>
            <goldGatherRate>0</goldGatherRate>
            <woodGatherRate>0</woodGatherRate>
            <durationGatherWood>1</durationGatherWood>
            <durationGatherGold>1</durationGatherGold>
            <durationMove>1</durationMove>
            <durationAttack>1</durationAttack>
            <durationDeposit>1</durationDeposit>
            <produces>17</produces>
        </template>
        <template xsi:type="UnitTemplate" xmlns:xsi="http://www.w3.org/2001/XMLSchema-instance">
            <ID>1</ID>
            <foodCost>0</foodCost>
            <goldCost>550</goldCost>
            <woodCost>200</woodCost>
            <timeCost>420</timeCost>
            <name>ScoutTower</name>
            <baseHealth>100</baseHealth>
            <baseAttack>0</baseAttack>
            <piercingAttack>0</piercingAttack>
            <range>0</range>
            <armor>20</armor>
            <sightRange>9</sightRange>
            <canGather>false</canGather>
            <canBuild>false</canBuild>
            <canMove>false</canMove>
            <canAcceptGold>false</canAcceptGold>
            <canAcceptWood>false</canAcceptWood>
            <foodProvided>0</foodProvided>
            <character>84</character>
            <goldGatherRate>0</goldGatherRate>
            <woodGatherRate>0</woodGatherRate>
            <durationGatherWood>1</durationGatherWood>
            <durationGatherGold>1</durationGatherGold>
            <durationMove>1</durationMove>
            <durationAttack>4</durationAttack>
            <durationDeposit>1</durationDeposit>
        </template>
        <template xsi:type="UnitTemplate" xmlns:xsi="http://www.w3.org/2001/XMLSchema-instance">
            <ID>2</ID>
            <foodCost>1</foodCost>
            <goldCost>900</goldCost>
            <woodCost>300</woodCost>
            <timeCost>1250</timeCost>
            <name>Ballista</name>
            <unitPrerequisite>9</unitPrerequisite>
            <unitPrerequisite>31</unitPrerequisite>
            <baseHealth>110</baseHealth>
            <baseAttack>80</baseAttack>
            <piercingAttack>0</piercingAttack>
            <range>8</range>
            <armor>0</armor>
            <sightRange>9</sightRange>
            <canGather>false</canGather>
            <canBuild>false</canBuild>
            <canMove>true</canMove>
            <canAcceptGold>false</canAcceptGold>
            <canAcceptWood>false</canAcceptWood>
            <foodProvided>0</foodProvided>
            <character>98</character>
            <goldGatherRate>0</goldGatherRate>
            <woodGatherRate>0</woodGatherRate>
            <durationGatherWood>1</durationGatherWood>
            <durationGatherGold>1</durationGatherGold>
            <durationMove>32</durationMove>
            <durationAttack>200</durationAttack>
            <durationDeposit>1</durationDeposit>
        </template>
        <template xsi:type="UnitTemplate" xmlns:xsi="http://www.w3.org/2001/XMLSchema-instance">
            <ID>3</ID>
            <foodCost>0</foodCost>
            <goldCost>20</goldCost>
            <woodCost>10</woodCost>
            <timeCost>210</timeCost>
            <name>Wall</name>
            <baseHealth>40</baseHealth>
            <baseAttack>0</baseAttack>
            <piercingAttack>0</piercingAttack>
            <range>0</range>
            <armor>20</armor>
            <sightRange>1</sightRange>
            <canGather>false</canGather>
            <canBuild>false</canBuild>
            <canMove>false</canMove>
            <canAcceptGold>false</canAcceptGold>
            <canAcceptWood>false</canAcceptWood>
            <foodProvided>0</foodProvided>
            <character>87</character>
            <goldGatherRate>0</goldGatherRate>
            <woodGatherRate>0</woodGatherRate>
            <durationGatherWood>1</durationGatherWood>
            <durationGatherGold>1</durationGatherGold>
            <durationMove>1</durationMove>
            <durationAttack>1</durationAttack>
            <durationDeposit>1</durationDeposit>
        </template>
        <template xsi:type="UnitTemplate" xmlns:xsi="http://www.w3.org/2001/XMLSchema-instance">
            <ID>4</ID>
            <foodCost>0</foodCost>
            <goldCost>1000</goldCost>
            <woodCost>300</woodCost>
            <timeCost>1050</timeCost>
            <name>Stables</name>
            <baseHealth>500</baseHealth>
            <baseAttack>0</baseAttack>
            <piercingAttack>0</piercingAttack>
            <range>0</range>
            <armor>20</armor>
            <sightRange>1</sightRange>
            <canGather>false</canGather>
            <canBuild>false</canBuild>
            <canMove>false</canMove>
            <canAcceptGold>false</canAcceptGold>
            <canAcceptWood>false</canAcceptWood>
            <foodProvided>0</foodProvided>
            <character>83</character>
            <goldGatherRate>0</goldGatherRate>
            <woodGatherRate>0</woodGatherRate>
            <durationGatherWood>1</durationGatherWood>
            <durationGatherGold>1</durationGatherGold>
            <durationMove>1</durationMove>
            <durationAttack>1</durationAttack>
            <durationDeposit>1</durationDeposit>
        </template>
        <template xsi:type="UnitTemplate" xmlns:xsi="http://www.w3.org/2001/XMLSchema-instance">
            <ID>5</ID>
            <foodCost>0</foodCost>
            <goldCost>1200</goldCost>
            <woodCost>800</woodCost>
            <timeCost>1785</timeCost>
            <name>TownHall</name>
            <baseHealth>1200</baseHealth>
            <baseAttack>0</baseAttack>
            <piercingAttack>0</piercingAttack>
            <range>0</range>
            <armor>20</armor>
            <sightRange>1</sightRange>
            <canGather>false</canGather>
            <canBuild>false</canBuild>
            <canMove>false</canMove>
            <canAcceptGold>true</canAcceptGold>
            <canAcceptWood>true</canAcceptWood>
            <foodProvided>1</foodProvided>
            <character>72</character>
            <goldGatherRate>0</goldGatherRate>
            <woodGatherRate>0</woodGatherRate>
            <durationGatherWood>1</durationGatherWood>
            <durationGatherGold>1</durationGatherGold>
            <durationMove>1</durationMove>
            <durationAttack>1</durationAttack>
            <durationDeposit>1</durationDeposit>
            <produces>26</produces>
        </template>
        <template xsi:type="UpgradeTemplate" xmlns:xsi="http://www.w3.org/2001/XMLSchema-instance">
            <ID>6</ID>
            <foodCost>0</foodCost>
            <goldCost>300</goldCost>
            <woodCost>300</woodCost>
            <timeCost>1000</timeCost>
            <name>Arrow1</name>
            <basicAttackChange>0</basicAttackChange>
            <piercingAttackChange>1</piercingAttackChange>
            <armorChange>0</armorChange>
            <healthChange>0</healthChange>
            <sightRangeChange>0</sightRangeChange>
            <rangeChange>0</rangeChange>
            <affectedUnitTypes>22</affectedUnitTypes>
        </template>
        <template xsi:type="UpgradeTemplate" xmlns:xsi="http://www.w3.org/2001/XMLSchema-instance">
            <ID>7</ID>
            <foodCost>0</foodCost>
            <goldCost>900</goldCost>
            <woodCost>500</woodCost>
            <timeCost>1250</timeCost>
            <name>Arrow2</name>
            <basicAttackChange>0</basicAttackChange>
            <piercingAttackChange>1</piercingAttackChange>
            <armorChange>0</armorChange>
            <healthChange>0</healthChange>
            <sightRangeChange>0</sightRangeChange>
            <rangeChange>0</rangeChange>
            <affectedUnitTypes>22</affectedUnitTypes>
        </template>
        <template xsi:type="UpgradeTemplate" xmlns:xsi="http://www.w3.org/2001/XMLSchema-instance">
            <ID>8</ID>
            <foodCost>0</foodCost>
            <goldCost>2000</goldCost>
            <woodCost>0</woodCost>
            <timeCost>1250</timeCost>
            <name>Longbow</name>
            <basicAttackChange>0</basicAttackChange>
            <piercingAttackChange>0</piercingAttackChange>
            <armorChange>0</armorChange>
            <healthChange>0</healthChange>
            <sightRangeChange>0</sightRangeChange>
            <rangeChange>1</rangeChange>
            <affectedUnitTypes>22</affectedUnitTypes>
        </template>
        <template xsi:type="UnitTemplate" xmlns:xsi="http://www.w3.org/2001/XMLSchema-instance">
            <ID>9</ID>
            <foodCost>0</foodCost>
            <goldCost>600</goldCost>
            <woodCost>450</woodCost>
            <timeCost>1050</timeCost>
            <name>LumberMill</name>
            <baseHealth>600</baseHealth>
            <baseAttack>0</baseAttack>
            <piercingAttack>0</piercingAttack>
            <range>0</range>
            <armor>20</armor>
            <sightRange>1</sightRange>
            <canGather>false</canGather>
            <canBuild>false</canBuild>
            <canMove>false</canMove>
            <canAcceptGold>false</canAcceptGold>
            <canAcceptWood>true</canAcceptWood>
            <foodProvided>0</foodProvided>
            <character>76</character>
            <goldGatherRate>0</goldGatherRate>
            <woodGatherRate>0</woodGatherRate>
            <durationGatherWood>1</durationGatherWood>
            <durationGatherGold>1</durationGatherGold>
            <durationMove>1</durationMove>
            <durationAttack>1</durationAttack>
            <durationDeposit>1</durationDeposit>
        </template>
        <template xsi:type="UpgradeTemplate" xmlns:xsi="http://www.w3.org/2001/XMLSchema-instance">
            <ID>10</ID>
            <foodCost>0</foodCost>
            <goldCost>2500</goldCost>
            <woodCost>1200</woodCost>
            <timeCost>1250</timeCost>
            <name>Castle</name>
            <unitPrerequisite>4</unitPrerequisite>
            <unitPrerequisite>9</unitPrerequisite>
            <unitPrerequisite>31</unitPrerequisite>
            <basicAttackChange>0</basicAttackChange>
            <piercingAttackChange>0</piercingAttackChange>
            <armorChange>0</armorChange>
            <healthChange>200</healthChange>
            <sightRangeChange>0</sightRangeChange>
            <rangeChange>0</rangeChange>
            <affectedUnitTypes>5</affectedUnitTypes>
        </template>
        <template xsi:type="UnitTemplate" xmlns:xsi="http://www.w3.org/2001/XMLSchema-instance">
            <ID>11</ID>
            <foodCost>0</foodCost>
            <goldCost>99999</goldCost>
            <woodCost>99999</woodCost>
            <timeCost>99999</timeCost>
            <name>SpawnPoint</name>
            <baseHealth>99999</baseHealth>
            <baseAttack>0</baseAttack>
            <piercingAttack>0</piercingAttack>
            <range>0</range>
            <armor>99999</armor>
            <sightRange>1</sightRange>
            <canGather>false</canGather>
            <canBuild>false</canBuild>
            <canMove>false</canMove>
            <canAcceptGold>false</canAcceptGold>
            <canAcceptWood>false</canAcceptWood>
            <foodProvided>200</foodProvided>
            <character>83</character>
            <goldGatherRate>0</goldGatherRate>
            <woodGatherRate>0</woodGatherRate>
            <durationGatherWood>1</durationGatherWood>
            <durationGatherGold>1</durationGatherGold>
            <durationMove>1</durationMove>
            <durationAttack>1</durationAttack>
            <durationDeposit>1</durationDeposit>
            <produces>25</produces>
            <produces>22</produces>
            <produces>12</produces>
            <produces>2</produces>
        </template>
        <template xsi:type="UnitTemplate" xmlns:xsi="http://www.w3.org/2001/XMLSchema-instance">
            <ID>12</ID>
            <foodCost>1</foodCost>
            <goldCost>800</goldCost>
            <woodCost>100</woodCost>
            <timeCost>450</timeCost>
            <name>Knight</name>
            <unitPrerequisite>4</unitPrerequisite>
            <unitPrerequisite>31</unitPrerequisite>
            <baseHealth>90</baseHealth>
            <baseAttack>8</baseAttack>
            <piercingAttack>4</piercingAttack>
            <range>1</range>
            <armor>4</armor>
            <sightRange>4</sightRange>
            <canGather>false</canGather>
            <canBuild>false</canBuild>
            <canMove>true</canMove>
            <canAcceptGold>false</canAcceptGold>
            <canAcceptWood>false</canAcceptWood>
            <foodProvided>0</foodProvided>
            <character>107</character>
            <goldGatherRate>0</goldGatherRate>
            <woodGatherRate>0</woodGatherRate>
            <durationGatherWood>1</durationGatherWood>
            <durationGatherGold>1</durationGatherGold>
            <durationMove>12</durationMove>
            <durationAttack>25</durationAttack>
            <durationDeposit>1</durationDeposit>
        </template>
        <template xsi:type="UnitTemplate" xmlns:xsi="http://www.w3.org/2001/XMLSchema-instance">
            <ID>13</ID>
            <foodCost>0</foodCost>
            <goldCost>700</goldCost>
            <woodCost>400</woodCost>
            <timeCost>1400</timeCost>
            <name>Barracks</name>
            <baseHealth>800</baseHealth>
            <baseAttack>0</baseAttack>
            <piercingAttack>0</piercingAttack>
            <range>0</range>
            <armor>20</armor>
            <sightRange>1</sightRange>
            <canGather>false</canGather>
            <canBuild>false</canBuild>
            <canMove>false</canMove>
            <canAcceptGold>false</canAcceptGold>
            <canAcceptWood>false</canAcceptWood>
            <foodProvided>0</foodProvided>
            <character>66</character>
            <goldGatherRate>0</goldGatherRate>
            <woodGatherRate>0</woodGatherRate>
            <durationGatherWood>1</durationGatherWood>
            <durationGatherGold>1</durationGatherGold>
            <durationMove>1</durationMove>
            <durationAttack>1</durationAttack>
            <durationDeposit>1</durationDeposit>
            <produces>25</produces>
            <produces>22</produces>
            <produces>12</produces>
            <produces>2</produces>
        </template>
        <template xsi:type="UpgradeTemplate" xmlns:xsi="http://www.w3.org/2001/XMLSchema-instance">
            <ID>14</ID>
            <foodCost>0</foodCost>
            <goldCost>800</goldCost>
            <woodCost>0</woodCost>
            <timeCost>1000</timeCost>
            <name>Sword1</name>
            <basicAttackChange>0</basicAttackChange>
            <piercingAttackChange>2</piercingAttackChange>
            <armorChange>0</armorChange>
            <healthChange>0</healthChange>
            <sightRangeChange>0</sightRangeChange>
            <rangeChange>0</rangeChange>
            <affectedUnitTypes>25</affectedUnitTypes>
            <affectedUnitTypes>12</affectedUnitTypes>
        </template>
        <template xsi:type="UpgradeTemplate" xmlns:xsi="http://www.w3.org/2001/XMLSchema-instance">
            <ID>15</ID>
            <foodCost>0</foodCost>
            <goldCost>2400</goldCost>
            <woodCost>0</woodCost>
            <timeCost>1250</timeCost>
            <name>Sword2</name>
            <basicAttackChange>0</basicAttackChange>
            <piercingAttackChange>2</piercingAttackChange>
            <armorChange>0</armorChange>
            <healthChange>0</healthChange>
            <sightRangeChange>0</sightRangeChange>
            <rangeChange>0</rangeChange>
            <affectedUnitTypes>25</affectedUnitTypes>
            <affectedUnitTypes>12</affectedUnitTypes>
        </template>
        <template xsi:type="UnitTemplate" xmlns:xsi="http://www.w3.org/2001/XMLSchema-instance">
            <ID>17</ID>
            <foodCost>1</foodCost>
            <goldCost>2500</goldCost>
            <woodCost>0</woodCost>
            <timeCost>1250</timeCost>
            <name>Gryphon</name>
            <baseHealth>100</baseHealth>
            <baseAttack>0</baseAttack>
            <piercingAttack>16</piercingAttack>
            <range>4</range>
            <armor>5</armor>
            <sightRange>6</sightRange>
            <canGather>false</canGather>
            <canBuild>false</canBuild>
            <canMove>true</canMove>
            <canAcceptGold>false</canAcceptGold>
            <canAcceptWood>false</canAcceptWood>
            <foodProvided>0</foodProvided>
            <character>103</character>
            <goldGatherRate>0</goldGatherRate>
            <woodGatherRate>0</woodGatherRate>
            <durationGatherWood>1</durationGatherWood>
            <durationGatherGold>1</durationGatherGold>
            <durationMove>12</durationMove>
            <durationAttack>4</durationAttack>
            <durationDeposit>1</durationDeposit>
        </template>
        <template xsi:type="UpgradeTemplate" xmlns:xsi="http://www.w3.org/2001/XMLSchema-instance">
            <ID>16</ID>
            <foodCost>0</foodCost>
            <goldCost>1500</goldCost>
            <woodCost>0</woodCost>
            <timeCost>1250</timeCost>
            <name>Ranger</name>
            <basicAttackChange>0</basicAttackChange>
            <piercingAttackChange>0</piercingAttackChange>
            <armorChange>0</armorChange>
            <healthChange>10</healthChange>
            <sightRangeChange>0</sightRangeChange>
            <rangeChange>0</rangeChange>
            <affectedUnitTypes>22</affectedUnitTypes>
        </template>
        <template xsi:type="UpgradeTemplate" xmlns:xsi="http://www.w3.org/2001/XMLSchema-instance">
            <ID>19</ID>
            <foodCost>0</foodCost>
            <goldCost>900</goldCost>
            <woodCost>500</woodCost>
            <timeCost>1250</timeCost>
            <name>Shield2</name>
            <basicAttackChange>0</basicAttackChange>
            <piercingAttackChange>0</piercingAttackChange>
            <armorChange>2</armorChange>
            <healthChange>0</healthChange>
            <sightRangeChange>0</sightRangeChange>
            <rangeChange>0</rangeChange>
            <affectedUnitTypes>25</affectedUnitTypes>
            <affectedUnitTypes>12</affectedUnitTypes>
        </template>
        <template xsi:type="UpgradeTemplate" xmlns:xsi="http://www.w3.org/2001/XMLSchema-instance">
            <ID>18</ID>
            <foodCost>0</foodCost>
            <goldCost>1000</goldCost>
            <woodCost>0</woodCost>
            <timeCost>1250</timeCost>
            <name>Paladin</name>
            <basicAttackChange>0</basicAttackChange>
            <piercingAttackChange>0</piercingAttackChange>
            <armorChange>0</armorChange>
            <healthChange>0</healthChange>
            <sightRangeChange>0</sightRangeChange>
            <rangeChange>0</rangeChange>
            <affectedUnitTypes>22</affectedUnitTypes>
        </template>
        <template xsi:type="UpgradeTemplate" xmlns:xsi="http://www.w3.org/2001/XMLSchema-instance">
            <ID>21</ID>
            <foodCost>0</foodCost>
            <goldCost>1500</goldCost>
            <woodCost>0</woodCost>
            <timeCost>1250</timeCost>
            <name>Scouting</name>
            <basicAttackChange>0</basicAttackChange>
            <piercingAttackChange>0</piercingAttackChange>
            <armorChange>0</armorChange>
            <healthChange>0</healthChange>
            <sightRangeChange>0</sightRangeChange>
            <rangeChange>0</rangeChange>
            <affectedUnitTypes>22</affectedUnitTypes>
        </template>
        <template xsi:type="UpgradeTemplate" xmlns:xsi="http://www.w3.org/2001/XMLSchema-instance">
            <ID>20</ID>
            <foodCost>0</foodCost>
            <goldCost>300</goldCost>
            <woodCost>300</woodCost>
            <timeCost>1000</timeCost>
            <name>Shield1</name>
            <basicAttackChange>0</basicAttackChange>
            <piercingAttackChange>0</piercingAttackChange>
            <armorChange>2</armorChange>
            <healthChange>0</healthChange>
            <sightRangeChange>0</sightRangeChange>
            <rangeChange>0</rangeChange>
            <affectedUnitTypes>25</affectedUnitTypes>
            <affectedUnitTypes>12</affectedUnitTypes>
        </template>
        <template xsi:type="UpgradeTemplate" xmlns:xsi="http://www.w3.org/2001/XMLSchema-instance">
            <ID>23</ID>
            <foodCost>0</foodCost>
            <goldCost>2000</goldCost>
            <woodCost>0</woodCost>
            <timeCost>1250</timeCost>
            <name>Marksmanship</name>
            <basicAttackChange>0</basicAttackChange>
            <piercingAttackChange>3</piercingAttackChange>
            <armorChange>0</armorChange>
            <healthChange>0</healthChange>
            <sightRangeChange>0</sightRangeChange>
            <rangeChange>0</rangeChange>
            <affectedUnitTypes>22</affectedUnitTypes>
        </template>
        <template xsi:type="UnitTemplate" xmlns:xsi="http://www.w3.org/2001/XMLSchema-instance">
            <ID>22</ID>
            <foodCost>1</foodCost>
            <goldCost>500</goldCost>
            <woodCost>50</woodCost>
            <timeCost>350</timeCost>
            <name>Archer</name>
            <unitPrerequisite>9</unitPrerequisite>
            <baseHealth>40</baseHealth>
            <baseAttack>3</baseAttack>
            <piercingAttack>6</piercingAttack>
            <range>4</range>
            <armor>0</armor>
            <sightRange>5</sightRange>
            <canGather>false</canGather>
            <canBuild>false</canBuild>
            <canMove>true</canMove>
            <canAcceptGold>false</canAcceptGold>
            <canAcceptWood>false</canAcceptWood>
            <foodProvided>0</foodProvided>
            <character>97</character>
            <goldGatherRate>0</goldGatherRate>
            <woodGatherRate>0</woodGatherRate>
            <durationGatherWood>1</durationGatherWood>
            <durationGatherGold>1</durationGatherGold>
            <durationMove>16</durationMove>
            <durationAttack>65</durationAttack>
            <durationDeposit>1</durationDeposit>
        </template>
        <template xsi:type="UnitTemplate" xmlns:xsi="http://www.w3.org/2001/XMLSchema-instance">
            <ID>25</ID>
            <foodCost>1</foodCost>
            <goldCost>600</goldCost>
            <woodCost>0</woodCost>
            <timeCost>300</timeCost>
            <name>Footman</name>
            <baseHealth>60</baseHealth>
            <baseAttack>6</baseAttack>
            <piercingAttack>3</piercingAttack>
            <range>1</range>
            <armor>2</armor>
            <sightRange>4</sightRange>
            <canGather>false</canGather>
            <canBuild>false</canBuild>
            <canMove>true</canMove>
            <canAcceptGold>false</canAcceptGold>
            <canAcceptWood>false</canAcceptWood>
            <foodProvided>0</foodProvided>
            <character>102</character>
            <goldGatherRate>0</goldGatherRate>
            <woodGatherRate>0</woodGatherRate>
            <durationGatherWood>1</durationGatherWood>
            <durationGatherGold>1</durationGatherGold>
            <durationMove>1</durationMove>
            <durationAttack>1</durationAttack>
            <durationDeposit>1</durationDeposit>
        </template>
        <template xsi:type="UpgradeTemplate" xmlns:xsi="http://www.w3.org/2001/XMLSchema-instance">
            <ID>24</ID>
            <foodCost>0</foodCost>
            <goldCost>500</goldCost>
            <woodCost>150</woodCost>
            <timeCost>700</timeCost>
            <name>GuardTower</name>
            <unitPrerequisite>9</unitPrerequisite>
            <basicAttackChange>4</basicAttackChange>
            <piercingAttackChange>12</piercingAttackChange>
            <armorChange>0</armorChange>
            <healthChange>30</healthChange>
            <sightRangeChange>0</sightRangeChange>
            <rangeChange>6</rangeChange>
            <affectedUnitTypes>1</affectedUnitTypes>
        </template>
        <template xsi:type="UnitTemplate" xmlns:xsi="http://www.w3.org/2001/XMLSchema-instance">
            <ID>27</ID>
            <foodCost>0</foodCost>
            <goldCost>500</goldCost>
            <woodCost>250</woodCost>
            <timeCost>700</timeCost>
            <name>Farm</name>
            <baseHealth>400</baseHealth>
            <baseAttack>0</baseAttack>
            <piercingAttack>0</piercingAttack>
            <range>0</range>
            <armor>20</armor>
            <sightRange>1</sightRange>
            <canGather>false</canGather>
            <canBuild>false</canBuild>
            <canMove>false</canMove>
            <canAcceptGold>false</canAcceptGold>
            <canAcceptWood>false</canAcceptWood>
            <foodProvided>4</foodProvided>
            <character>70</character>
            <goldGatherRate>0</goldGatherRate>
            <woodGatherRate>0</woodGatherRate>
            <durationGatherWood>1</durationGatherWood>
            <durationGatherGold>1</durationGatherGold>
            <durationMove>1</durationMove>
            <durationAttack>1</durationAttack>
            <durationDeposit>1</durationDeposit>
        </template>
        <template xsi:type="UnitTemplate" xmlns:xsi="http://www.w3.org/2001/XMLSchema-instance">
            <ID>26</ID>
            <foodCost>1</foodCost>
            <goldCost>400</goldCost>
            <woodCost>0</woodCost>
            <timeCost>225</timeCost>
            <name>Peasant</name>
            <baseHealth>30</baseHealth>
            <baseAttack>3</baseAttack>
            <piercingAttack>2</piercingAttack>
            <range>1</range>
            <armor>0</armor>
            <sightRange>4</sightRange>
            <canGather>true</canGather>
            <canBuild>true</canBuild>
            <canMove>true</canMove>
            <canAcceptGold>false</canAcceptGold>
            <canAcceptWood>false</canAcceptWood>
            <foodProvided>0</foodProvided>
            <character>112</character>
            <goldGatherRate>100</goldGatherRate>
            <woodGatherRate>100</woodGatherRate>
            <durationGatherWood>1000</durationGatherWood>
            <durationGatherGold>200</durationGatherGold>
            <durationMove>16</durationMove>
            <durationAttack>25</durationAttack>
            <durationDeposit>25</durationDeposit>
            <produces>5</produces>
            <produces>13</produces>
            <produces>9</produces>
            <produces>31</produces>
            <produces>27</produces>
            <produces>3</produces>
            <produces>1</produces>
            <produces>30</produces>
            <produces>0</produces>
        </template>
        <template xsi:type="UpgradeTemplate" xmlns:xsi="http://www.w3.org/2001/XMLSchema-instance">
            <ID>29</ID>
            <foodCost>0</foodCost>
            <goldCost>2000</goldCost>
            <woodCost>1000</woodCost>
            <timeCost>1000</timeCost>
            <name>Keep</name>
            <unitPrerequisite>13</unitPrerequisite>
            <basicAttackChange>0</basicAttackChange>
            <piercingAttackChange>0</piercingAttackChange>
            <armorChange>0</armorChange>
            <healthChange>200</healthChange>
            <sightRangeChange>0</sightRangeChange>
            <rangeChange>0</rangeChange>
            <affectedUnitTypes>5</affectedUnitTypes>
        </template>
        <template xsi:type="UpgradeTemplate" xmlns:xsi="http://www.w3.org/2001/XMLSchema-instance">
            <ID>28</ID>
            <foodCost>0</foodCost>
            <goldCost>4000</goldCost>
            <woodCost>0</woodCost>
            <timeCost>1250</timeCost>
            <name>Ballista2</name>
            <basicAttackChange>0</basicAttackChange>
            <piercingAttackChange>15</piercingAttackChange>
            <armorChange>0</armorChange>
            <healthChange>0</healthChange>
            <sightRangeChange>0</sightRangeChange>
            <rangeChange>0</rangeChange>
            <affectedUnitTypes>2</affectedUnitTypes>
        </template>
        <template xsi:type="UnitTemplate" xmlns:xsi="http://www.w3.org/2001/XMLSchema-instance">
            <ID>31</ID>
            <foodCost>0</foodCost>
            <goldCost>800</goldCost>
            <woodCost>450</woodCost>
            <timeCost>1400</timeCost>
            <name>Blacksmith</name>
            <unitPrerequisite>13</unitPrerequisite>
            <baseHealth>775</baseHealth>
            <baseAttack>0</baseAttack>
            <piercingAttack>0</piercingAttack>
            <range>0</range>
            <armor>20</armor>
            <sightRange>1</sightRange>
            <canGather>false</canGather>
            <canBuild>false</canBuild>
            <canMove>false</canMove>
            <canAcceptGold>false</canAcceptGold>
            <canAcceptWood>false</canAcceptWood>
            <foodProvided>0</foodProvided>
            <character>77</character>
            <goldGatherRate>0</goldGatherRate>
            <woodGatherRate>0</woodGatherRate>
            <durationGatherWood>1</durationGatherWood>
            <durationGatherGold>1</durationGatherGold>
            <durationMove>1</durationMove>
            <durationAttack>1</durationAttack>
            <durationDeposit>1</durationDeposit>
        </template>
        <template xsi:type="UnitTemplate" xmlns:xsi="http://www.w3.org/2001/XMLSchema-instance">
            <ID>30</ID>
            <foodCost>0</foodCost>
            <goldCost>900</goldCost>
            <woodCost>500</woodCost>
            <timeCost>1225</timeCost>
            <name>Church</name>
            <baseHealth>700</baseHealth>
            <baseAttack>0</baseAttack>
            <piercingAttack>0</piercingAttack>
            <range>0</range>
            <armor>20</armor>
            <sightRange>1</sightRange>
            <canGather>false</canGather>
            <canBuild>false</canBuild>
            <canMove>false</canMove>
            <canAcceptGold>false</canAcceptGold>
            <canAcceptWood>false</canAcceptWood>
            <foodProvided>0</foodProvided>
            <character>85</character>
            <goldGatherRate>0</goldGatherRate>
            <woodGatherRate>0</woodGatherRate>
            <durationGatherWood>1</durationGatherWood>
            <durationGatherGold>1</durationGatherGold>
            <durationMove>1</durationMove>
            <durationAttack>1</durationAttack>
            <durationDeposit>1</durationDeposit>
        </template>
        <template xsi:type="UpgradeTemplate" xmlns:xsi="http://www.w3.org/2001/XMLSchema-instance">
            <ID>32</ID>
            <foodCost>0</foodCost>
            <goldCost>1500</goldCost>
            <woodCost>0</woodCost>
            <timeCost>1250</timeCost>
            <name>Ballista1</name>
            <basicAttackChange>0</basicAttackChange>
            <piercingAttackChange>15</piercingAttackChange>
            <armorChange>0</armorChange>
            <healthChange>0</healthChange>
            <sightRangeChange>0</sightRangeChange>
            <rangeChange>0</rangeChange>
            <affectedUnitTypes>2</affectedUnitTypes>
        </template>
        <resourceAmount>
            <quantity>0</quantity>
            <type>GOLD</type>
        </resourceAmount>
        <resourceAmount>
            <quantity>0</quantity>
            <type>WOOD</type>
        </resourceAmount>
        <supply>1</supply>
        <supplyCap>0</supplyCap>
    </player>
    <player>
        <ID>1</ID>
        <unit>
            <ID>23</ID>
            <currentHealth>1</currentHealth>
            <xPosition>7</xPosition>
            <yPosition>1</yPosition>
            <templateID>38</templateID>
            <cargoAmount>0</cargoAmount>
            <progressAmount>0</progressAmount>
        </unit>
        <template xsi:type="UnitTemplate" xmlns:xsi="http://www.w3.org/2001/XMLSchema-instance">
            <ID>64</ID>
            <foodCost>0</foodCost>
            <goldCost>800</goldCost>
            <woodCost>450</woodCost>
            <timeCost>1400</timeCost>
            <name>Blacksmith</name>
            <unitPrerequisite>46</unitPrerequisite>
            <baseHealth>775</baseHealth>
            <baseAttack>0</baseAttack>
            <piercingAttack>0</piercingAttack>
            <range>0</range>
            <armor>20</armor>
            <sightRange>1</sightRange>
            <canGather>false</canGather>
            <canBuild>false</canBuild>
            <canMove>false</canMove>
            <canAcceptGold>false</canAcceptGold>
            <canAcceptWood>false</canAcceptWood>
            <foodProvided>0</foodProvided>
            <character>77</character>
            <goldGatherRate>0</goldGatherRate>
            <woodGatherRate>0</woodGatherRate>
            <durationGatherWood>1</durationGatherWood>
            <durationGatherGold>1</durationGatherGold>
            <durationMove>1</durationMove>
            <durationAttack>1</durationAttack>
            <durationDeposit>1</durationDeposit>
        </template>
        <template xsi:type="UpgradeTemplate" xmlns:xsi="http://www.w3.org/2001/XMLSchema-instance">
            <ID>65</ID>
            <foodCost>0</foodCost>
            <goldCost>1500</goldCost>
            <woodCost>0</woodCost>
            <timeCost>1250</timeCost>
            <name>Ballista1</name>
            <basicAttackChange>0</basicAttackChange>
            <piercingAttackChange>15</piercingAttackChange>
            <armorChange>0</armorChange>
            <healthChange>0</healthChange>
            <sightRangeChange>0</sightRangeChange>
            <rangeChange>0</rangeChange>
            <affectedUnitTypes>35</affectedUnitTypes>
        </template>
        <template xsi:type="UnitTemplate" xmlns:xsi="http://www.w3.org/2001/XMLSchema-instance">
            <ID>34</ID>
            <foodCost>0</foodCost>
            <goldCost>550</goldCost>
            <woodCost>200</woodCost>
            <timeCost>420</timeCost>
            <name>ScoutTower</name>
            <baseHealth>100</baseHealth>
            <baseAttack>0</baseAttack>
            <piercingAttack>0</piercingAttack>
            <range>0</range>
            <armor>20</armor>
            <sightRange>9</sightRange>
            <canGather>false</canGather>
            <canBuild>false</canBuild>
            <canMove>false</canMove>
            <canAcceptGold>false</canAcceptGold>
            <canAcceptWood>false</canAcceptWood>
            <foodProvided>0</foodProvided>
            <character>84</character>
            <goldGatherRate>0</goldGatherRate>
            <woodGatherRate>0</woodGatherRate>
            <durationGatherWood>1</durationGatherWood>
            <durationGatherGold>1</durationGatherGold>
            <durationMove>1</durationMove>
            <durationAttack>4</durationAttack>
            <durationDeposit>1</durationDeposit>
        </template>
        <template xsi:type="UnitTemplate" xmlns:xsi="http://www.w3.org/2001/XMLSchema-instance">
            <ID>35</ID>
            <foodCost>1</foodCost>
            <goldCost>900</goldCost>
            <woodCost>300</woodCost>
            <timeCost>1250</timeCost>
            <name>Ballista</name>
            <unitPrerequisite>64</unitPrerequisite>
            <unitPrerequisite>42</unitPrerequisite>
            <baseHealth>110</baseHealth>
            <baseAttack>80</baseAttack>
            <piercingAttack>0</piercingAttack>
            <range>8</range>
            <armor>0</armor>
            <sightRange>9</sightRange>
            <canGather>false</canGather>
            <canBuild>false</canBuild>
            <canMove>true</canMove>
            <canAcceptGold>false</canAcceptGold>
            <canAcceptWood>false</canAcceptWood>
            <foodProvided>0</foodProvided>
            <character>98</character>
            <goldGatherRate>0</goldGatherRate>
            <woodGatherRate>0</woodGatherRate>
            <durationGatherWood>1</durationGatherWood>
            <durationGatherGold>1</durationGatherGold>
            <durationMove>32</durationMove>
            <durationAttack>200</durationAttack>
            <durationDeposit>1</durationDeposit>
        </template>
        <template xsi:type="UnitTemplate" xmlns:xsi="http://www.w3.org/2001/XMLSchema-instance">
            <ID>33</ID>
            <foodCost>0</foodCost>
            <goldCost>1000</goldCost>
            <woodCost>400</woodCost>
            <timeCost>1050</timeCost>
            <name>GryphonAviary</name>
            <baseHealth>500</baseHealth>
            <baseAttack>0</baseAttack>
            <piercingAttack>0</piercingAttack>
            <range>0</range>
            <armor>20</armor>
            <sightRange>1</sightRange>
            <canGather>false</canGather>
            <canBuild>false</canBuild>
            <canMove>false</canMove>
            <canAcceptGold>false</canAcceptGold>
            <canAcceptWood>false</canAcceptWood>
            <foodProvided>0</foodProvided>
            <character>85</character>
            <goldGatherRate>0</goldGatherRate>
            <woodGatherRate>0</woodGatherRate>
            <durationGatherWood>1</durationGatherWood>
            <durationGatherGold>1</durationGatherGold>
            <durationMove>1</durationMove>
            <durationAttack>1</durationAttack>
            <durationDeposit>1</durationDeposit>
            <produces>50</produces>
        </template>
        <template xsi:type="UnitTemplate" xmlns:xsi="http://www.w3.org/2001/XMLSchema-instance">
            <ID>38</ID>
            <foodCost>0</foodCost>
            <goldCost>1200</goldCost>
            <woodCost>800</woodCost>
            <timeCost>1785</timeCost>
            <name>TownHall</name>
            <baseHealth>1200</baseHealth>
            <baseAttack>0</baseAttack>
            <piercingAttack>0</piercingAttack>
            <range>0</range>
            <armor>20</armor>
            <sightRange>1</sightRange>
            <canGather>false</canGather>
            <canBuild>false</canBuild>
            <canMove>false</canMove>
            <canAcceptGold>true</canAcceptGold>
            <canAcceptWood>true</canAcceptWood>
            <foodProvided>1</foodProvided>
            <character>72</character>
            <goldGatherRate>0</goldGatherRate>
            <woodGatherRate>0</woodGatherRate>
            <durationGatherWood>1</durationGatherWood>
            <durationGatherGold>1</durationGatherGold>
            <durationMove>1</durationMove>
            <durationAttack>1</durationAttack>
            <durationDeposit>1</durationDeposit>
            <produces>59</produces>
        </template>
        <template xsi:type="UpgradeTemplate" xmlns:xsi="http://www.w3.org/2001/XMLSchema-instance">
            <ID>39</ID>
            <foodCost>0</foodCost>
            <goldCost>300</goldCost>
            <woodCost>300</woodCost>
            <timeCost>1000</timeCost>
            <name>Arrow1</name>
            <basicAttackChange>0</basicAttackChange>
            <piercingAttackChange>1</piercingAttackChange>
            <armorChange>0</armorChange>
            <healthChange>0</healthChange>
            <sightRangeChange>0</sightRangeChange>
            <rangeChange>0</rangeChange>
            <affectedUnitTypes>55</affectedUnitTypes>
        </template>
        <template xsi:type="UnitTemplate" xmlns:xsi="http://www.w3.org/2001/XMLSchema-instance">
            <ID>36</ID>
            <foodCost>0</foodCost>
            <goldCost>20</goldCost>
            <woodCost>10</woodCost>
            <timeCost>210</timeCost>
            <name>Wall</name>
            <baseHealth>40</baseHealth>
            <baseAttack>0</baseAttack>
            <piercingAttack>0</piercingAttack>
            <range>0</range>
            <armor>20</armor>
            <sightRange>1</sightRange>
            <canGather>false</canGather>
            <canBuild>false</canBuild>
            <canMove>false</canMove>
            <canAcceptGold>false</canAcceptGold>
            <canAcceptWood>false</canAcceptWood>
            <foodProvided>0</foodProvided>
            <character>87</character>
            <goldGatherRate>0</goldGatherRate>
            <woodGatherRate>0</woodGatherRate>
            <durationGatherWood>1</durationGatherWood>
            <durationGatherGold>1</durationGatherGold>
            <durationMove>1</durationMove>
            <durationAttack>1</durationAttack>
            <durationDeposit>1</durationDeposit>
        </template>
        <template xsi:type="UnitTemplate" xmlns:xsi="http://www.w3.org/2001/XMLSchema-instance">
            <ID>37</ID>
            <foodCost>0</foodCost>
            <goldCost>1000</goldCost>
            <woodCost>300</woodCost>
            <timeCost>1050</timeCost>
            <name>Stables</name>
            <baseHealth>500</baseHealth>
            <baseAttack>0</baseAttack>
            <piercingAttack>0</piercingAttack>
            <range>0</range>
            <armor>20</armor>
            <sightRange>1</sightRange>
            <canGather>false</canGather>
            <canBuild>false</canBuild>
            <canMove>false</canMove>
            <canAcceptGold>false</canAcceptGold>
            <canAcceptWood>false</canAcceptWood>
            <foodProvided>0</foodProvided>
            <character>83</character>
            <goldGatherRate>0</goldGatherRate>
            <woodGatherRate>0</woodGatherRate>
            <durationGatherWood>1</durationGatherWood>
            <durationGatherGold>1</durationGatherGold>
            <durationMove>1</durationMove>
            <durationAttack>1</durationAttack>
            <durationDeposit>1</durationDeposit>
        </template>
        <template xsi:type="UnitTemplate" xmlns:xsi="http://www.w3.org/2001/XMLSchema-instance">
            <ID>42</ID>
            <foodCost>0</foodCost>
            <goldCost>600</goldCost>
            <woodCost>450</woodCost>
            <timeCost>1050</timeCost>
            <name>LumberMill</name>
            <baseHealth>600</baseHealth>
            <baseAttack>0</baseAttack>
            <piercingAttack>0</piercingAttack>
            <range>0</range>
            <armor>20</armor>
            <sightRange>1</sightRange>
            <canGather>false</canGather>
            <canBuild>false</canBuild>
            <canMove>false</canMove>
            <canAcceptGold>false</canAcceptGold>
            <canAcceptWood>true</canAcceptWood>
            <foodProvided>0</foodProvided>
            <character>76</character>
            <goldGatherRate>0</goldGatherRate>
            <woodGatherRate>0</woodGatherRate>
            <durationGatherWood>1</durationGatherWood>
            <durationGatherGold>1</durationGatherGold>
            <durationMove>1</durationMove>
            <durationAttack>1</durationAttack>
            <durationDeposit>1</durationDeposit>
        </template>
        <template xsi:type="UpgradeTemplate" xmlns:xsi="http://www.w3.org/2001/XMLSchema-instance">
            <ID>43</ID>
            <foodCost>0</foodCost>
            <goldCost>2500</goldCost>
            <woodCost>1200</woodCost>
            <timeCost>1250</timeCost>
            <name>Castle</name>
            <unitPrerequisite>64</unitPrerequisite>
            <unitPrerequisite>37</unitPrerequisite>
            <unitPrerequisite>42</unitPrerequisite>
            <basicAttackChange>0</basicAttackChange>
            <piercingAttackChange>0</piercingAttackChange>
            <armorChange>0</armorChange>
            <healthChange>200</healthChange>
            <sightRangeChange>0</sightRangeChange>
            <rangeChange>0</rangeChange>
            <affectedUnitTypes>38</affectedUnitTypes>
        </template>
        <template xsi:type="UpgradeTemplate" xmlns:xsi="http://www.w3.org/2001/XMLSchema-instance">
            <ID>40</ID>
            <foodCost>0</foodCost>
            <goldCost>900</goldCost>
            <woodCost>500</woodCost>
            <timeCost>1250</timeCost>
            <name>Arrow2</name>
            <basicAttackChange>0</basicAttackChange>
            <piercingAttackChange>1</piercingAttackChange>
            <armorChange>0</armorChange>
            <healthChange>0</healthChange>
            <sightRangeChange>0</sightRangeChange>
            <rangeChange>0</rangeChange>
            <affectedUnitTypes>55</affectedUnitTypes>
        </template>
        <template xsi:type="UpgradeTemplate" xmlns:xsi="http://www.w3.org/2001/XMLSchema-instance">
            <ID>41</ID>
            <foodCost>0</foodCost>
            <goldCost>2000</goldCost>
            <woodCost>0</woodCost>
            <timeCost>1250</timeCost>
            <name>Longbow</name>
            <basicAttackChange>0</basicAttackChange>
            <piercingAttackChange>0</piercingAttackChange>
            <armorChange>0</armorChange>
            <healthChange>0</healthChange>
            <sightRangeChange>0</sightRangeChange>
            <rangeChange>1</rangeChange>
            <affectedUnitTypes>55</affectedUnitTypes>
        </template>
        <template xsi:type="UnitTemplate" xmlns:xsi="http://www.w3.org/2001/XMLSchema-instance">
            <ID>46</ID>
            <foodCost>0</foodCost>
            <goldCost>700</goldCost>
            <woodCost>400</woodCost>
            <timeCost>1400</timeCost>
            <name>Barracks</name>
            <baseHealth>800</baseHealth>
            <baseAttack>0</baseAttack>
            <piercingAttack>0</piercingAttack>
            <range>0</range>
            <armor>20</armor>
            <sightRange>1</sightRange>
            <canGather>false</canGather>
            <canBuild>false</canBuild>
            <canMove>false</canMove>
            <canAcceptGold>false</canAcceptGold>
            <canAcceptWood>false</canAcceptWood>
            <foodProvided>0</foodProvided>
            <character>66</character>
            <goldGatherRate>0</goldGatherRate>
            <woodGatherRate>0</woodGatherRate>
            <durationGatherWood>1</durationGatherWood>
            <durationGatherGold>1</durationGatherGold>
            <durationMove>1</durationMove>
            <durationAttack>1</durationAttack>
            <durationDeposit>1</durationDeposit>
            <produces>58</produces>
            <produces>55</produces>
            <produces>45</produces>
            <produces>35</produces>
        </template>
        <template xsi:type="UpgradeTemplate" xmlns:xsi="http://www.w3.org/2001/XMLSchema-instance">
            <ID>47</ID>
            <foodCost>0</foodCost>
            <goldCost>800</goldCost>
            <woodCost>0</woodCost>
            <timeCost>1000</timeCost>
            <name>Sword1</name>
            <basicAttackChange>0</basicAttackChange>
            <piercingAttackChange>2</piercingAttackChange>
            <armorChange>0</armorChange>
            <healthChange>0</healthChange>
            <sightRangeChange>0</sightRangeChange>
            <rangeChange>0</rangeChange>
            <affectedUnitTypes>58</affectedUnitTypes>
            <affectedUnitTypes>45</affectedUnitTypes>
        </template>
        <template xsi:type="UnitTemplate" xmlns:xsi="http://www.w3.org/2001/XMLSchema-instance">
            <ID>44</ID>
            <foodCost>0</foodCost>
            <goldCost>99999</goldCost>
            <woodCost>99999</woodCost>
            <timeCost>99999</timeCost>
            <name>SpawnPoint</name>
            <baseHealth>99999</baseHealth>
            <baseAttack>0</baseAttack>
            <piercingAttack>0</piercingAttack>
            <range>0</range>
            <armor>99999</armor>
            <sightRange>1</sightRange>
            <canGather>false</canGather>
            <canBuild>false</canBuild>
            <canMove>false</canMove>
            <canAcceptGold>false</canAcceptGold>
            <canAcceptWood>false</canAcceptWood>
            <foodProvided>200</foodProvided>
            <character>83</character>
            <goldGatherRate>0</goldGatherRate>
            <woodGatherRate>0</woodGatherRate>
            <durationGatherWood>1</durationGatherWood>
            <durationGatherGold>1</durationGatherGold>
            <durationMove>1</durationMove>
            <durationAttack>1</durationAttack>
            <durationDeposit>1</durationDeposit>
            <produces>58</produces>
            <produces>55</produces>
            <produces>45</produces>
            <produces>35</produces>
        </template>
        <template xsi:type="UnitTemplate" xmlns:xsi="http://www.w3.org/2001/XMLSchema-instance">
            <ID>45</ID>
            <foodCost>1</foodCost>
            <goldCost>800</goldCost>
            <woodCost>100</woodCost>
            <timeCost>450</timeCost>
            <name>Knight</name>
            <unitPrerequisite>64</unitPrerequisite>
            <unitPrerequisite>37</unitPrerequisite>
            <baseHealth>90</baseHealth>
            <baseAttack>8</baseAttack>
            <piercingAttack>4</piercingAttack>
            <range>1</range>
            <armor>4</armor>
            <sightRange>4</sightRange>
            <canGather>false</canGather>
            <canBuild>false</canBuild>
            <canMove>true</canMove>
            <canAcceptGold>false</canAcceptGold>
            <canAcceptWood>false</canAcceptWood>
            <foodProvided>0</foodProvided>
            <character>107</character>
            <goldGatherRate>0</goldGatherRate>
            <woodGatherRate>0</woodGatherRate>
            <durationGatherWood>1</durationGatherWood>
            <durationGatherGold>1</durationGatherGold>
            <durationMove>12</durationMove>
            <durationAttack>25</durationAttack>
            <durationDeposit>1</durationDeposit>
        </template>
        <template xsi:type="UpgradeTemplate" xmlns:xsi="http://www.w3.org/2001/XMLSchema-instance">
            <ID>51</ID>
            <foodCost>0</foodCost>
            <goldCost>1000</goldCost>
            <woodCost>0</woodCost>
            <timeCost>1250</timeCost>
            <name>Paladin</name>
            <basicAttackChange>0</basicAttackChange>
            <piercingAttackChange>0</piercingAttackChange>
            <armorChange>0</armorChange>
            <healthChange>0</healthChange>
            <sightRangeChange>0</sightRangeChange>
            <rangeChange>0</rangeChange>
            <affectedUnitTypes>55</affectedUnitTypes>
        </template>
        <template xsi:type="UnitTemplate" xmlns:xsi="http://www.w3.org/2001/XMLSchema-instance">
            <ID>50</ID>
            <foodCost>1</foodCost>
            <goldCost>2500</goldCost>
            <woodCost>0</woodCost>
            <timeCost>1250</timeCost>
            <name>Gryphon</name>
            <baseHealth>100</baseHealth>
            <baseAttack>0</baseAttack>
            <piercingAttack>16</piercingAttack>
            <range>4</range>
            <armor>5</armor>
            <sightRange>6</sightRange>
            <canGather>false</canGather>
            <canBuild>false</canBuild>
            <canMove>true</canMove>
            <canAcceptGold>false</canAcceptGold>
            <canAcceptWood>false</canAcceptWood>
            <foodProvided>0</foodProvided>
            <character>103</character>
            <goldGatherRate>0</goldGatherRate>
            <woodGatherRate>0</woodGatherRate>
            <durationGatherWood>1</durationGatherWood>
            <durationGatherGold>1</durationGatherGold>
            <durationMove>12</durationMove>
            <durationAttack>4</durationAttack>
            <durationDeposit>1</durationDeposit>
        </template>
        <template xsi:type="UpgradeTemplate" xmlns:xsi="http://www.w3.org/2001/XMLSchema-instance">
            <ID>49</ID>
            <foodCost>0</foodCost>
            <goldCost>1500</goldCost>
            <woodCost>0</woodCost>
            <timeCost>1250</timeCost>
            <name>Ranger</name>
            <basicAttackChange>0</basicAttackChange>
            <piercingAttackChange>0</piercingAttackChange>
            <armorChange>0</armorChange>
            <healthChange>10</healthChange>
            <sightRangeChange>0</sightRangeChange>
            <rangeChange>0</rangeChange>
            <affectedUnitTypes>55</affectedUnitTypes>
        </template>
        <template xsi:type="UpgradeTemplate" xmlns:xsi="http://www.w3.org/2001/XMLSchema-instance">
            <ID>48</ID>
            <foodCost>0</foodCost>
            <goldCost>2400</goldCost>
            <woodCost>0</woodCost>
            <timeCost>1250</timeCost>
            <name>Sword2</name>
            <basicAttackChange>0</basicAttackChange>
            <piercingAttackChange>2</piercingAttackChange>
            <armorChange>0</armorChange>
            <healthChange>0</healthChange>
            <sightRangeChange>0</sightRangeChange>
            <rangeChange>0</rangeChange>
            <affectedUnitTypes>58</affectedUnitTypes>
            <affectedUnitTypes>45</affectedUnitTypes>
        </template>
        <template xsi:type="UnitTemplate" xmlns:xsi="http://www.w3.org/2001/XMLSchema-instance">
            <ID>55</ID>
            <foodCost>1</foodCost>
            <goldCost>500</goldCost>
            <woodCost>50</woodCost>
            <timeCost>350</timeCost>
            <name>Archer</name>
            <unitPrerequisite>42</unitPrerequisite>
            <baseHealth>40</baseHealth>
            <baseAttack>3</baseAttack>
            <piercingAttack>6</piercingAttack>
            <range>4</range>
            <armor>0</armor>
            <sightRange>5</sightRange>
            <canGather>false</canGather>
            <canBuild>false</canBuild>
            <canMove>true</canMove>
            <canAcceptGold>false</canAcceptGold>
            <canAcceptWood>false</canAcceptWood>
            <foodProvided>0</foodProvided>
            <character>97</character>
            <goldGatherRate>0</goldGatherRate>
            <woodGatherRate>0</woodGatherRate>
            <durationGatherWood>1</durationGatherWood>
            <durationGatherGold>1</durationGatherGold>
            <durationMove>16</durationMove>
            <durationAttack>65</durationAttack>
            <durationDeposit>1</durationDeposit>
        </template>
        <template xsi:type="UpgradeTemplate" xmlns:xsi="http://www.w3.org/2001/XMLSchema-instance">
            <ID>54</ID>
            <foodCost>0</foodCost>
            <goldCost>1500</goldCost>
            <woodCost>0</woodCost>
            <timeCost>1250</timeCost>
            <name>Scouting</name>
            <basicAttackChange>0</basicAttackChange>
            <piercingAttackChange>0</piercingAttackChange>
            <armorChange>0</armorChange>
            <healthChange>0</healthChange>
            <sightRangeChange>0</sightRangeChange>
            <rangeChange>0</rangeChange>
            <affectedUnitTypes>55</affectedUnitTypes>
        </template>
        <template xsi:type="UpgradeTemplate" xmlns:xsi="http://www.w3.org/2001/XMLSchema-instance">
            <ID>53</ID>
            <foodCost>0</foodCost>
            <goldCost>300</goldCost>
            <woodCost>300</woodCost>
            <timeCost>1000</timeCost>
            <name>Shield1</name>
            <basicAttackChange>0</basicAttackChange>
            <piercingAttackChange>0</piercingAttackChange>
            <armorChange>2</armorChange>
            <healthChange>0</healthChange>
            <sightRangeChange>0</sightRangeChange>
            <rangeChange>0</rangeChange>
            <affectedUnitTypes>58</affectedUnitTypes>
            <affectedUnitTypes>45</affectedUnitTypes>
        </template>
        <template xsi:type="UpgradeTemplate" xmlns:xsi="http://www.w3.org/2001/XMLSchema-instance">
            <ID>52</ID>
            <foodCost>0</foodCost>
            <goldCost>900</goldCost>
            <woodCost>500</woodCost>
            <timeCost>1250</timeCost>
            <name>Shield2</name>
            <basicAttackChange>0</basicAttackChange>
            <piercingAttackChange>0</piercingAttackChange>
            <armorChange>2</armorChange>
            <healthChange>0</healthChange>
            <sightRangeChange>0</sightRangeChange>
            <rangeChange>0</rangeChange>
            <affectedUnitTypes>58</affectedUnitTypes>
            <affectedUnitTypes>45</affectedUnitTypes>
        </template>
        <template xsi:type="UnitTemplate" xmlns:xsi="http://www.w3.org/2001/XMLSchema-instance">
            <ID>59</ID>
            <foodCost>1</foodCost>
            <goldCost>400</goldCost>
            <woodCost>0</woodCost>
            <timeCost>225</timeCost>
            <name>Peasant</name>
            <baseHealth>30</baseHealth>
            <baseAttack>3</baseAttack>
            <piercingAttack>2</piercingAttack>
            <range>1</range>
            <armor>0</armor>
            <sightRange>4</sightRange>
            <canGather>true</canGather>
            <canBuild>true</canBuild>
            <canMove>true</canMove>
            <canAcceptGold>false</canAcceptGold>
            <canAcceptWood>false</canAcceptWood>
            <foodProvided>0</foodProvided>
            <character>112</character>
            <goldGatherRate>100</goldGatherRate>
            <woodGatherRate>100</woodGatherRate>
            <durationGatherWood>1000</durationGatherWood>
            <durationGatherGold>200</durationGatherGold>
            <durationMove>16</durationMove>
            <durationAttack>25</durationAttack>
            <durationDeposit>25</durationDeposit>
            <produces>38</produces>
            <produces>46</produces>
            <produces>42</produces>
            <produces>64</produces>
            <produces>60</produces>
            <produces>36</produces>
            <produces>34</produces>
            <produces>63</produces>
            <produces>33</produces>
        </template>
        <template xsi:type="UnitTemplate" xmlns:xsi="http://www.w3.org/2001/XMLSchema-instance">
            <ID>58</ID>
            <foodCost>1</foodCost>
            <goldCost>600</goldCost>
            <woodCost>0</woodCost>
            <timeCost>300</timeCost>
            <name>Footman</name>
            <baseHealth>60</baseHealth>
            <baseAttack>6</baseAttack>
            <piercingAttack>3</piercingAttack>
            <range>1</range>
            <armor>2</armor>
            <sightRange>4</sightRange>
            <canGather>false</canGather>
            <canBuild>false</canBuild>
            <canMove>true</canMove>
            <canAcceptGold>false</canAcceptGold>
            <canAcceptWood>false</canAcceptWood>
            <foodProvided>0</foodProvided>
            <character>102</character>
            <goldGatherRate>0</goldGatherRate>
            <woodGatherRate>0</woodGatherRate>
            <durationGatherWood>1</durationGatherWood>
            <durationGatherGold>1</durationGatherGold>
            <durationMove>16</durationMove>
            <durationAttack>25</durationAttack>
            <durationDeposit>1</durationDeposit>
        </template>
        <template xsi:type="UpgradeTemplate" xmlns:xsi="http://www.w3.org/2001/XMLSchema-instance">
            <ID>57</ID>
            <foodCost>0</foodCost>
            <goldCost>500</goldCost>
            <woodCost>150</woodCost>
            <timeCost>700</timeCost>
            <name>GuardTower</name>
            <unitPrerequisite>42</unitPrerequisite>
            <basicAttackChange>4</basicAttackChange>
            <piercingAttackChange>12</piercingAttackChange>
            <armorChange>0</armorChange>
            <healthChange>30</healthChange>
            <sightRangeChange>0</sightRangeChange>
            <rangeChange>6</rangeChange>
            <affectedUnitTypes>34</affectedUnitTypes>
        </template>
        <template xsi:type="UpgradeTemplate" xmlns:xsi="http://www.w3.org/2001/XMLSchema-instance">
            <ID>56</ID>
            <foodCost>0</foodCost>
            <goldCost>2000</goldCost>
            <woodCost>0</woodCost>
            <timeCost>1250</timeCost>
            <name>Marksmanship</name>
            <basicAttackChange>0</basicAttackChange>
            <piercingAttackChange>3</piercingAttackChange>
            <armorChange>0</armorChange>
            <healthChange>0</healthChange>
            <sightRangeChange>0</sightRangeChange>
            <rangeChange>0</rangeChange>
            <affectedUnitTypes>55</affectedUnitTypes>
        </template>
        <template xsi:type="UnitTemplate" xmlns:xsi="http://www.w3.org/2001/XMLSchema-instance">
            <ID>63</ID>
            <foodCost>0</foodCost>
            <goldCost>900</goldCost>
            <woodCost>500</woodCost>
            <timeCost>1225</timeCost>
            <name>Church</name>
            <baseHealth>700</baseHealth>
            <baseAttack>0</baseAttack>
            <piercingAttack>0</piercingAttack>
            <range>0</range>
            <armor>20</armor>
            <sightRange>1</sightRange>
            <canGather>false</canGather>
            <canBuild>false</canBuild>
            <canMove>false</canMove>
            <canAcceptGold>false</canAcceptGold>
            <canAcceptWood>false</canAcceptWood>
            <foodProvided>0</foodProvided>
            <character>85</character>
            <goldGatherRate>0</goldGatherRate>
            <woodGatherRate>0</woodGatherRate>
            <durationGatherWood>1</durationGatherWood>
            <durationGatherGold>1</durationGatherGold>
            <durationMove>1</durationMove>
            <durationAttack>1</durationAttack>
            <durationDeposit>1</durationDeposit>
        </template>
        <template xsi:type="UpgradeTemplate" xmlns:xsi="http://www.w3.org/2001/XMLSchema-instance">
            <ID>62</ID>
            <foodCost>0</foodCost>
            <goldCost>2000</goldCost>
            <woodCost>1000</woodCost>
            <timeCost>1000</timeCost>
            <name>Keep</name>
            <unitPrerequisite>46</unitPrerequisite>
            <basicAttackChange>0</basicAttackChange>
            <piercingAttackChange>0</piercingAttackChange>
            <armorChange>0</armorChange>
            <healthChange>200</healthChange>
            <sightRangeChange>0</sightRangeChange>
            <rangeChange>0</rangeChange>
            <affectedUnitTypes>38</affectedUnitTypes>
        </template>
        <template xsi:type="UpgradeTemplate" xmlns:xsi="http://www.w3.org/2001/XMLSchema-instance">
            <ID>61</ID>
            <foodCost>0</foodCost>
            <goldCost>4000</goldCost>
            <woodCost>0</woodCost>
            <timeCost>1250</timeCost>
            <name>Ballista2</name>
            <basicAttackChange>0</basicAttackChange>
            <piercingAttackChange>15</piercingAttackChange>
            <armorChange>0</armorChange>
            <healthChange>0</healthChange>
            <sightRangeChange>0</sightRangeChange>
            <rangeChange>0</rangeChange>
            <affectedUnitTypes>35</affectedUnitTypes>
        </template>
        <template xsi:type="UnitTemplate" xmlns:xsi="http://www.w3.org/2001/XMLSchema-instance">
            <ID>60</ID>
            <foodCost>0</foodCost>
            <goldCost>500</goldCost>
            <woodCost>250</woodCost>
            <timeCost>700</timeCost>
            <name>Farm</name>
            <baseHealth>400</baseHealth>
            <baseAttack>0</baseAttack>
            <piercingAttack>0</piercingAttack>
            <range>0</range>
            <armor>20</armor>
            <sightRange>1</sightRange>
            <canGather>false</canGather>
            <canBuild>false</canBuild>
            <canMove>false</canMove>
            <canAcceptGold>false</canAcceptGold>
            <canAcceptWood>false</canAcceptWood>
            <foodProvided>4</foodProvided>
            <character>70</character>
            <goldGatherRate>0</goldGatherRate>
            <woodGatherRate>0</woodGatherRate>
            <durationGatherWood>1</durationGatherWood>
            <durationGatherGold>1</durationGatherGold>
            <durationMove>1</durationMove>
            <durationAttack>1</durationAttack>
            <durationDeposit>1</durationDeposit>
        </template>
        <resourceAmount>
            <quantity>0</quantity>
            <type>GOLD</type>
        </resourceAmount>
        <resourceAmount>
            <quantity>0</quantity>
            <type>WOOD</type>
        </resourceAmount>
        <supply>0</supply>
        <supplyCap>1</supplyCap>
    </player>
    <resourceNode>
        <ID>1</ID>
        <type>TREE</type>
        <xPosition>2</xPosition>
        <yPosition>0</yPosition>
        <initialAmount>0</initialAmount>
        <amountRemaining>100</amountRemaining>
    </resourceNode>
    <resourceNode>
        <ID>2</ID>
        <type>TREE</type>
        <xPosition>2</xPosition>
        <yPosition>1</yPosition>
        <initialAmount>0</initialAmount>
        <amountRemaining>100</amountRemaining>
    </resourceNode>
    <resourceNode>
        <ID>3</ID>
        <type>TREE</type>
        <xPosition>2</xPosition>
        <yPosition>2</yPosition>
        <initialAmount>0</initialAmount>
        <amountRemaining>100</amountRemaining>
    </resourceNode>
    <resourceNode>
        <ID>4</ID>
        <type>TREE</type>
        <xPosition>2</xPosition>
        <yPosition>3</yPosition>
        <initialAmount>0</initialAmount>
        <amountRemaining>100</amountRemaining>
    </resourceNode>
    <resourceNode>
        <ID>5</ID>
        <type>TREE</type>
        <xPosition>3</xPosition>
        <yPosition>3</yPosition>
        <initialAmount>0</initialAmount>
        <amountRemaining>100</amountRemaining>
    </resourceNode>
    <resourceNode>
        <ID>6</ID>
        <type>TREE</type>
        <xPosition>4</xPosition>
        <yPosition>3</yPosition>
        <initialAmount>0</initialAmount>
        <amountRemaining>100</amountRemaining>
    </resourceNode>
    <resourceNode>
        <ID>7</ID>
        <type>TREE</type>
        <xPosition>5</xPosition>
        <yPosition>5</yPosition>
        <initialAmount>0</initialAmount>
        <amountRemaining>100</amountRemaining>
    </resourceNode>
    <resourceNode>
        <ID>8</ID>
        <type>TREE</type>
        <xPosition>6</xPosition>
        <yPosition>5</yPosition>
        <initialAmount>0</initialAmount>
        <amountRemaining>100</amountRemaining>
    </resourceNode>
    <resourceNode>
        <ID>9</ID>
        <type>TREE</type>
        <xPosition>7</xPosition>
        <yPosition>5</yPosition>
        <initialAmount>0</initialAmount>
        <amountRemaining>100</amountRemaining>
    </resourceNode>
    <resourceNode>
        <ID>10</ID>
        <type>TREE</type>
        <xPosition>7</xPosition>
        <yPosition>4</yPosition>
        <initialAmount>0</initialAmount>
        <amountRemaining>100</amountRemaining>
    </resourceNode>
    <resourceNode>
        <ID>11</ID>
        <type>TREE</type>
        <xPosition>7</xPosition>
        <yPosition>3</yPosition>
        <initialAmount>0</initialAmount>
        <amountRemaining>100</amountRemaining>
    </resourceNode>
    <resourceNode>
        <ID>12</ID>
        <type>TREE</type>
        <xPosition>7</xPosition>
        <yPosition>2</yPosition>
        <initialAmount>0</initialAmount>
        <amountRemaining>100</amountRemaining>
    </resourceNode>
    <resourceNode>
        <ID>13</ID>
        <type>TREE</type>
        <xPosition>7</xPosition>
        <yPosition>0</yPosition>
        <initialAmount>0</initialAmount>
        <amountRemaining>100</amountRemaining>
    </resourceNode>
    <resourceNode>
        <ID>14</ID>
        <type>TREE</type>
        <xPosition>7</xPosition>
        <yPosition>6</yPosition>
        <initialAmount>0</initialAmount>
        <amountRemaining>100</amountRemaining>
    </resourceNode>
    <resourceNode>
        <ID>15</ID>
        <type>TREE</type>
        <xPosition>7</xPosition>
        <yPosition>7</yPosition>
        <initialAmount>0</initialAmount>
        <amountRemaining>100</amountRemaining>
    </resourceNode>
    <resourceNode>
        <ID>16</ID>
        <type>TREE</type>
        <xPosition>6</xPosition>
        <yPosition>7</yPosition>
        <initialAmount>0</initialAmount>
        <amountRemaining>100</amountRemaining>
    </resourceNode>
    <resourceNode>
        <ID>17</ID>
        <type>TREE</type>
        <xPosition>5</xPosition>
        <yPosition>7</yPosition>
        <initialAmount>0</initialAmount>
        <amountRemaining>100</amountRemaining>
    </resourceNode>
    <resourceNode>
        <ID>18</ID>
        <type>TREE</type>
        <xPosition>4</xPosition>
        <yPosition>7</yPosition>
        <initialAmount>0</initialAmount>
        <amountRemaining>100</amountRemaining>
    </resourceNode>
    <resourceNode>
        <ID>19</ID>
        <type>TREE</type>
        <xPosition>3</xPosition>
        <yPosition>7</yPosition>
        <initialAmount>0</initialAmount>
        <amountRemaining>100</amountRemaining>
    </resourceNode>
    <resourceNode>
        <ID>20</ID>
        <type>TREE</type>
        <xPosition>2</xPosition>
        <yPosition>7</yPosition>
        <initialAmount>0</initialAmount>
        <amountRemaining>100</amountRemaining>
    </resourceNode>
    <resourceNode>
        <ID>21</ID>
        <type>TREE</type>
        <xPosition>1</xPosition>
        <yPosition>7</yPosition>
        <initialAmount>0</initialAmount>
        <amountRemaining>100</amountRemaining>
    </resourceNode>
    <resourceNode>
        <ID>22</ID>
        <type>TREE</type>
        <xPosition>0</xPosition>
        <yPosition>7</yPosition>
        <initialAmount>0</initialAmount>
        <amountRemaining>100</amountRemaining>
    </resourceNode>
</state>
